{
 "WeaponAlign": [
  0.0,
  0.0,
  0.0
 ],
 "Barrel_ATT": [
  6.290671308306628e-07,
  0.06746761500835419,
  0.5509889125823975
 ],
 "MuzzleAdaptor_ATT": [
  6.290671308306628e-07,
  0.06746761500835419,
  0.5509889125823975
 ],
 "Muzzle_ATT": [
  6.290671308306628e-07,
  0.06746761500835419,
  0.5509889125823975
 ],
 "Flashlight_ATT": [
  0.0,
  0.0,
  0.0
 ],
 "Laser_ATT": [
  0.0,
  0.0,
  0.0
 ],
 "Magazine01": [
  8.940195357433337e-18,
  0.06710036098957062,
  0.14761783182621002
 ],
 "Magnifier_ATT": [
  0.0,
  0.0,
  0.0
 ],
 "Rangefinder_ATT": [
  0.0,
  0.0,
  0.0
 ],
 "Sight_ATT": [
  5.0857486044593697e-17,
  0.10463234037160873,
  0.008482859469950199
 ],
 "SecondarySight_ATT": [
  0.0,
  0.0,
  0.0
 ],
 "UnderBarrel_ATT": [
  6.316834060271503e-07,
  0.038541171699762344,
  0.162465438246727
 ]
}